name,scholarly_or_official_url,license,resource_type,acquisition_method,integration_mode,supported_claim,reading_state,access_date,internals_modified
XACML 3.0 2013 core,https://docs.oasis-open.org/xacml/3.0/xacml-3.0-core-spec-os-en.html,OASIS; not redistributed,formal standard,web parsed HTML; Appendix C inspected,decision-model inspiration only,C01-C06; no whole-language conformance,normative combining passages inspected,2026-09-14,no
Coverage-based Test Cases Selection for XACML Policies,https://orbilu.uni.lu/handle/10993/25154,publisher copyright; not redistributed,research paper,primary metadata and abstract; supplied full-text endpoint unavailable,citation only,historical coverage-selection motivation,full substantive paper not read,2026-09-14,no
Selection of Regression System Tests for Security Policy Evolution,https://orbilu.uni.lu/bitstream/10993/16020/1/test_selection_ase2012-short.pdf,author-hosted postprint; not redistributed,research paper,complete four-page text and substantive figures/tables inspected via web,citation; objective comparison,output-change selection differs from common mutation adequacy,full postprint substantive text read; no implementation reused,2026-09-14,no
Automated Coverage-Based Testing of XACML Policies,https://research.umkc.edu/dxu/publications/automated-coverage-based-testing-xacml-policies,publisher copyright; not redistributed,research paper,author institutional record,citation only,prior coverage-based policy testing,"metadata/abstract, not full paper",2026-09-14,no
Automated Strong Mutation Testing of XACML Policies,https://research.umkc.edu/dxu/publications/automated-strong-mutation-testing-xacml-policies,publisher copyright; not redistributed,research paper,author institutional bibliographic record,citation only,prior strong mutation testing,"metadata, not full paper",2026-09-14,no
Towards a Theory on Testing XACML Policies,https://doi.org/10.1145/3532105.3535031,ACM copyright; not redistributed,research paper,publisher abstract and primary conference/author metadata,citation and explicit novelty hold,prior formal fault-detection conditions,full text unavailable; no absence claim,2026-09-14,no
On-line tracing of XACML-based policy coverage criteria,https://arxiv.org/pdf/1809.02712,author manuscript; not redistributed,research paper,partial full-text PDF retrieval; publisher metadata,citation only,coverage tracing exists,"partial substantive reading, not counted full calibration",2026-09-14,no
A Formal Validation Approach for XACML 3.0 Access Control Policy,https://www.mdpi.com/1424-8220/22/8/2984,open-access publisher; not redistributed,research paper,"primary publisher metadata, abstract and body portions",citation only,prior policy and coverage formalization,partial reading; first author verified Carmine Caserio,2026-09-14,no
Discovery and Resolution of Anomalies in Web Access Control Policies,https://asu.elsevierpure.com/en/publications/discovery-and-resolution-of-anomalies-in-web-access-control-polic/,publisher copyright; not redistributed,research paper,primary institutional metadata and abstract,citation only,anomaly resolution has different objective,not a full same-venue calibration reading,2026-09-14,no
Atomizing Firewall Policies for Anomaly Analysis and Resolution,https://iris.polito.it/handle/11583/2994408,institutional open record; not redistributed,research paper,primary institutional metadata and abstract,citation only,recent atomization/anomaly objective,not a full same-venue calibration reading,2026-09-14,no
Verification and Change-Impact Analysis of Access-Control Policies,https://static.cs.brown.edu/~sk/Publications/Papers/Published/fkmt-verif-change-impact-xacml/,author-hosted record; not redistributed,research paper,primary author page abstract and metadata,citation only,prior symbolic verification and semantic differencing,not a full-paper reading,2026-09-14,no
"Regression testing minimization, selection and prioritization: a survey",https://doi.org/10.1002/stvr.430,Wiley copyright; not redistributed,research survey,publisher metadata and abstract,citation only,objective taxonomy,not counted as full calibration,2026-09-14,no
An n^(5/2) Algorithm for Maximum Matchings in Bipartite Graphs,https://doi.org/10.1137/0202019,SIAM copyright; not redistributed,research paper,publisher metadata and abstract,classical reference,matching algorithm attribution; prototype uses simple augmentation,not a reproduced external implementation,2026-09-14,no
Two Theorems in Graph Theory,https://doi.org/10.1073/pnas.43.9.842,PNAS publication; not redistributed,research paper,primary publication metadata,classical reference; argument provided in full,augmenting-path attribution,not counted as full calibration,2026-09-14,no
A Greedy Heuristic for the Set-Covering Problem,https://doi.org/10.1287/moor.4.3.233,INFORMS publication; not redistributed,research paper,publisher metadata,classical reference,standard greedy baseline attribution,"baseline implemented locally, not upstream code",2026-09-14,no
Reducibility among Combinatorial Problems,https://doi.org/10.1007/978-1-4684-2001-2_9,publisher copyright; not redistributed,research chapter,primary publisher record,classical NP-completeness reference,3DM/hitting-set source; new reduction written in full,not a complete chapter reading,2026-09-14,no
Balana public source screening,https://github.com/wso2/balana,Apache-2.0 repository; no content integrated,screened candidate inputs,"read-only GitHub connector: license, directories, two sample files",none; not a benchmark input,native-policy component remains missing,unsupported expression/obligation and legacy-combiner boundaries observed,2026-09-14,no
Supplied IEEEtran class,https://ctan.org/pkg/ieeetran,LPPL-1.3; notice retained,publisher-family asset,matched user archive; source header inspected,unmodified class file,paper layout,class byte-equal to supplied asset,2026-09-14,no
IEEEtran unsorted bibliography style,https://ctan.org/pkg/ieeetran,LPPL-1.3; notice retained,publisher-family asset,installed canonical IEEEtran.bst copied unchanged,unmodified standard numerical style,reference ordering,replaces supplied sorted style whose own diagnostic says not for normal IEEE work,2026-09-14,no
TDSC author guide,https://www.computer.org/csdl/journal/tq/write-for-us/15068,website; no republication,workflow official guide,Final live retrieval on 2026-09-14 returned only an empty page/iframe marker; usable author instructions unavailable,readiness evidence only; not a scholarly manuscript reference,current journal rules not cleared,initial-paper contract remains a hold,2026-09-14,no
IEEE template selector,https://template-selector.ieee.org/,website; no republication,workflow official guide,Final live retrieval on 2026-09-14 failed with HTTP 418; no current selector content inspected,readiness evidence only,current journal-family mapping not cleared,supplied family retained; no year-specific assertion,2026-09-14,no
IEEE AI-use disclosure as reproduced by Computer Society author information,https://services.conferences.computer.org/2026/info-for-authors/,website; no republication,workflow official policy,current first-party author information,disclosure context only,substantive AI assistance must not be described as grammar only,conference-specific anonymity rules not transferred to TDSC,2026-09-14,no
An Integer Programming Framework for ReBAC Policy Mining and Optimized Conformance Testing,https://doi.org/10.1109/PST65910.2025.11268863,unknown; not redistributed,unverified closest-work lead,secondary bibliographic discovery; primary full text not obtained,not used for technical claims,additional novelty-clearance obligation,"do not infer theorem, implementation, or limitations from title",2026-09-14,no
