id,family,status,requests,snapshots,rules,mutations,detectable,equivalent,regions,optimum,certificate,states,cpu_seconds,wall_seconds,peak_rss_kib,checker_steps_upper_bound
fixture-001,fixture,ok,2,2,0,0,0,0,1,0,packing,0,0.0013566820000000118,0.001356242999996482,16520,0
fixture-002,fixture,ok,4,1,3,6,3,3,1,1,packing,0,0.0036854689999999968,0.003693263999998919,16520,712
fixture-003,fixture,ok,4,1,2,4,2,2,1,1,packing,0,0.0029749639999999966,0.002983442999997976,16520,360
fixture-004,fixture,ok,4,1,2,4,2,2,1,1,packing,0,0.0028829120000000014,0.002960820999994951,16520,360
fixture-005,fixture,ok,4,2,4,22,19,3,4,4,packing,0,0.006633438000000005,0.006655407000003777,16520,1260
fixture-006,fixture,ok,2,1,1,6,3,3,1,1,packing,0,0.0022206649999999967,0.0022290290000057666,16520,112
fixture-007,fixture,ok,3,1,3,6,2,4,3,1,recurrence,3,0.003453907000000006,0.0034617299999979423,16520,608
fixture-008,fixture,ok,4,3,6,12,12,0,4,3,recurrence,8,0.006125584000000003,0.006139871000002017,16520,1140
fixture-009,fixture,ok,4,2,4,8,8,0,4,2,packing,0,0.004106214999999996,0.004114292999993552,16520,648
fixture-010,fixture,ok,4,2,4,8,8,0,4,2,packing,0,0.004105633999999997,0.004113029999999185,16520,648
fixture-011,fixture,ok,4,2,4,8,8,0,4,2,packing,0,0.004077031000000009,0.004084626999997454,16520,648
fixture-012,fixture,ok,2,3,6,12,12,0,2,2,recurrence,3,0.004015033000000001,0.0040238129999963235,16520,530
fixture-013,fixture,ok,2,2,4,8,6,2,2,2,packing,0,0.0030861800000000217,0.0030944810000050893,16520,324
fixture-014,fixture,ok,4,2,8,16,12,4,4,4,packing,0,0.006718340999999989,0.00673403399999728,16520,2224
fixture-015,fixture,ok,8,2,16,32,24,8,8,8,packing,0,0.023397523000000003,0.023438679999998158,16520,16512
fixture-016,fixture,ok,16,2,32,64,48,16,16,16,packing,0,0.11823501200000003,0.12055711100000366,16520,127360
fixture-017,fixture,ok,3,2,4,8,8,0,3,2,packing,0,0.003582195999999982,0.0036002590000023815,16520,486
fixture-018,fixture,ok,3,1,6,12,6,6,3,2,recurrence,4,0.005621642000000038,0.005647056000000816,16520,2172
fixture-019,fixture,ok,3,2,3,6,6,0,3,2,packing,0,0.002876660000000031,0.0028972709999948165,16520,306
fixture-020,fixture,ok,4,2,4,8,8,0,4,2,packing,0,0.00393665700000001,0.003953731999999377,16520,648
fixture-021,fixture,ok,4,2,4,23,20,3,4,3,packing,0,0.006213628999999998,0.006268491999996684,16520,1296
fixture-022,fixture,ok,4,1,2,11,4,7,2,2,packing,0,0.004186193000000005,0.004208378999997819,16520,688
fixture-023,fixture,ok,4,1,3,16,15,1,4,3,packing,0,0.005243607999999955,0.0052749589999976365,16520,1429
fixture-024,fixture,ok,4,2,4,22,18,4,4,4,packing,0,0.006430081999999948,0.006473765000002629,16520,1260
generated-001,masked-deny,ok,32,2,18,36,22,14,26,6,packing,0,0.05372243199999999,0.05399709600000335,16520,49961
generated-002,masked-deny,ok,32,2,18,36,22,14,24,6,packing,0,0.04086941099999997,0.04097923199999798,16520,49963
generated-003,masked-deny,ok,32,2,18,36,22,14,26,6,packing,0,0.06454885000000005,0.09608558800000111,16520,49958
generated-004,masked-deny,ok,32,2,18,36,22,14,27,6,packing,0,0.052914463999999994,0.0537537809999975,16520,49960
generated-005,masked-deny,ok,32,2,18,36,22,14,23,6,packing,0,0.040790223999999986,0.042594551000000536,16520,49964
generated-006,masked-deny,ok,32,2,18,36,22,14,27,6,packing,0,0.046128155000000004,0.04896774899999912,16576,49962
generated-007,masked-deny,ok,32,2,18,36,22,14,22,6,packing,0,0.038751340999999995,0.038763999000003935,16576,49964
generated-008,masked-deny,ok,32,2,18,36,22,14,23,6,packing,0,0.03876111800000004,0.03876234700000225,16576,49959
generated-009,masked-deny,ok,32,2,18,36,22,14,26,6,packing,0,0.03931877000000006,0.039320381999999654,16704,49964
generated-010,masked-deny,ok,32,2,18,36,22,14,29,6,packing,0,0.03873228500000003,0.03873414299999922,16704,49964
generated-011,masked-deny,ok,32,2,18,36,22,14,28,6,packing,0,0.03917237600000001,0.03917384800000434,16704,49965
generated-012,masked-deny,ok,32,2,18,36,22,14,24,6,packing,0,0.03973428500000009,0.03973524999999967,16832,49962
generated-013,masked-deny,ok,32,2,18,36,22,14,25,6,packing,0,0.038875511999999945,0.03891698599999671,16832,49963
generated-014,masked-deny,ok,32,2,18,36,22,14,28,6,packing,0,0.03891527699999997,0.038914902000001916,16832,49954
generated-015,masked-deny,ok,32,2,18,36,22,14,23,6,packing,0,0.039743511999999925,0.03975498300000169,16832,49962
generated-016,masked-deny,ok,32,2,18,36,22,14,26,6,packing,0,0.0393551969999999,0.03935486700000013,16832,49960
generated-017,masked-deny,ok,32,2,18,36,22,14,20,6,packing,0,0.038465376999999856,0.03846503200000484,16832,49960
generated-018,masked-deny,ok,32,2,18,36,22,14,24,6,packing,0,0.03886070500000005,0.038860479000000225,16832,49962
generated-019,masked-deny,ok,32,2,18,36,22,14,23,6,packing,0,0.03931296900000003,0.03931286099999909,16832,49959
generated-020,masked-deny,ok,32,2,18,36,22,14,26,6,packing,0,0.039395003999999956,0.039410070000002406,16832,49962
generated-021,masked-permit,ok,32,2,18,36,22,14,27,6,packing,0,0.042569407000000004,0.04256883600000094,16960,49965
generated-022,masked-permit,ok,32,2,18,36,20,16,24,6,packing,0,0.041967313000000006,0.04196686000000227,16960,49961
generated-023,masked-permit,ok,32,2,18,36,22,14,26,6,packing,0,0.04262079399999985,0.04266542400000617,16960,49970
generated-024,masked-permit,ok,32,2,18,36,20,16,22,6,packing,0,0.04280413500000013,0.04282322299999919,16960,49960
generated-025,masked-permit,ok,32,2,18,36,22,14,20,6,packing,0,0.04307025200000014,0.04307020699999953,16960,49955
generated-026,masked-permit,ok,32,2,18,36,22,14,24,6,packing,0,0.043150921999999925,0.04315051499999356,16960,49958
generated-027,masked-permit,ok,32,2,18,36,22,14,24,6,packing,0,0.04715419799999987,0.049171975000000145,16960,49962
generated-028,masked-permit,ok,32,2,18,36,22,14,27,6,packing,0,0.04260994200000012,0.042609570999999846,16960,49964
generated-029,masked-permit,ok,32,2,18,36,22,14,27,6,packing,0,0.042574887999999866,0.0425746369999942,16960,49959
generated-030,masked-permit,ok,32,2,18,36,22,14,24,6,packing,0,0.0432400879999999,0.043251572000002625,16960,49960
generated-031,masked-permit,ok,32,2,18,36,20,16,25,6,packing,0,0.04269553199999998,0.04269549899999703,16960,49960
generated-032,masked-permit,ok,32,2,18,36,22,14,27,6,packing,0,0.04290445300000001,0.04290393200000153,16960,49962
generated-033,masked-permit,ok,32,2,18,36,22,14,24,6,packing,0,0.04292529099999998,0.04294144100000352,16960,49964
generated-034,masked-permit,ok,32,2,18,36,20,16,22,6,packing,0,0.042181413,0.042180833000003304,16960,49952
generated-035,masked-permit,ok,32,2,18,36,22,14,25,6,packing,0,0.04294474800000003,0.04295403399999742,16960,49961
generated-036,masked-permit,ok,32,2,18,36,22,14,22,6,packing,0,0.042393298999999995,0.04240748899999858,16960,49957
generated-037,masked-permit,ok,32,2,18,36,22,14,25,6,packing,0,0.042816388000000094,0.042902779999998586,16960,49960
generated-038,masked-permit,ok,32,2,18,36,22,14,25,6,packing,0,0.04387232000000019,0.04387219200000203,16960,49959
generated-039,masked-permit,ok,32,2,18,36,22,14,23,6,packing,0,0.042897739000000046,0.04290915099999637,16960,49961
generated-040,masked-permit,ok,32,2,18,36,22,14,22,6,packing,0,0.04265459599999977,0.042654082000005644,16960,49958
generated-041,ordered-revision,ok,32,2,8,16,16,0,11,4,packing,0,0.0156819610000003,0.015682039000004977,16960,10704
generated-042,ordered-revision,ok,32,2,10,20,17,3,13,5,packing,0,0.018802175000000254,0.018802165000003868,16960,16239
generated-043,ordered-revision,ok,32,2,12,24,23,1,21,7,packing,0,0.023637940999999607,0.0236379549999981,16960,22938
generated-044,ordered-revision,ok,32,2,15,30,30,0,24,8,packing,0,0.029887004999999967,0.029887354000003086,16960,34817
generated-045,ordered-revision,ok,32,2,16,32,28,4,25,7,packing,0,0.03400210300000017,0.03412497300000439,17088,39795
generated-046,ordered-revision,ok,32,2,18,36,30,6,23,9,packing,0,0.037546620999999725,0.03754659399999838,17088,49925
generated-047,ordered-revision,ok,32,2,20,40,34,6,28,9,packing,0,0.04293590199999997,0.0429653959999996,17088,61242
generated-048,ordered-revision,ok,32,2,9,18,18,0,13,5,packing,0,0.017342960999999768,0.017343382999996493,17088,13182
generated-049,ordered-revision,ok,32,2,10,20,20,0,12,5,packing,0,0.019691486000000147,0.019756540000003042,17088,16231
generated-050,ordered-revision,ok,32,2,12,24,24,0,16,7,packing,0,0.02356364200000005,0.023563918000000683,17088,22957
generated-051,ordered-revision,ok,32,2,14,28,24,4,23,7,packing,0,0.027655619999999992,0.02765573100000296,17088,30792
generated-052,ordered-revision,ok,32,2,17,34,34,0,27,9,packing,0,0.03471955499999968,0.034719406000000674,17216,44304
generated-053,ordered-revision,ok,32,2,18,36,35,1,25,9,packing,0,0.03774927100000003,0.03777509400000412,17216,49941
generated-054,ordered-revision,ok,32,2,20,40,27,13,30,8,packing,0,0.04323738400000021,0.04323795599999869,17216,61203
generated-055,ordered-revision,ok,32,2,8,16,16,0,13,4,packing,0,0.015990406999999873,0.016013037000000452,17216,10725
generated-056,ordered-revision,ok,32,2,11,22,22,0,17,6,packing,0,0.02098209399999984,0.020982332999999187,17216,19231
generated-057,ordered-revision,ok,32,2,12,24,24,0,20,6,packing,0,0.023897675000000174,0.023897561000005396,17216,22955
generated-058,ordered-revision,ok,32,2,14,28,27,1,23,9,packing,0,0.02873573599999979,0.02873583599999563,17344,30783
generated-059,ordered-revision,ok,32,2,16,32,30,2,27,8,packing,0,0.032541880000000134,0.032541932999997414,17344,39786
generated-060,ordered-revision,ok,32,2,19,38,38,0,25,10,packing,0,0.04099997799999988,0.0409998310000006,17344,54966
generated-061,behavior-preserving,ok,32,2,4,8,6,2,2,2,packing,0,0.010390735000000095,0.010391112999997176,17344,3168
generated-062,behavior-preserving,ok,32,2,6,12,6,6,3,3,packing,0,0.013709970000000293,0.013710602999999821,17344,6368
generated-063,behavior-preserving,ok,32,2,8,16,9,7,4,4,packing,0,0.0158109719999997,0.015826308999997707,17344,10784
generated-064,behavior-preserving,ok,32,2,10,20,15,5,5,5,packing,0,0.020810833999999723,0.020811895000001357,17472,16320
generated-065,behavior-preserving,ok,32,2,12,24,12,12,6,6,packing,0,0.025609140000000252,0.02561002000000201,17472,22976
generated-066,behavior-preserving,ok,32,2,14,28,15,13,7,7,packing,0,0.026758075000000048,0.026759465000004923,17472,30848
generated-067,behavior-preserving,ok,32,2,16,32,24,8,8,8,packing,0,0.03390104700000007,0.033902585999996404,17472,39840
generated-068,behavior-preserving,ok,32,2,18,36,18,18,9,9,packing,0,0.04254244599999968,0.04254418600000065,17472,49952
generated-069,behavior-preserving,ok,32,2,20,40,21,19,10,10,packing,0,0.04217242600000004,0.04221852799999937,17600,61280
generated-070,behavior-preserving,ok,32,2,22,44,33,11,11,11,packing,0,0.05272401999999987,0.052749474000002294,17600,73728
generated-071,behavior-preserving,ok,32,2,24,48,24,24,12,12,packing,0,0.06434511200000026,0.06434726900000243,17600,87296
generated-072,behavior-preserving,ok,32,2,26,52,27,25,13,13,packing,0,0.062451668000000016,0.062452997000001176,17600,102080
generated-073,behavior-preserving,ok,32,2,28,56,42,14,14,14,packing,0,0.07432199399999995,0.07432422200000133,17600,117984
generated-074,behavior-preserving,ok,32,2,30,60,30,30,15,15,packing,0,0.09152747399999983,0.0915849809999969,17600,135008
generated-075,behavior-preserving,ok,32,2,32,64,33,31,16,16,packing,0,0.08243290299999995,0.08251544800000232,17728,153248
generated-076,behavior-preserving,ok,32,2,34,68,51,17,17,17,packing,0,0.10204475000000013,0.10204742399999844,17728,172608
generated-077,behavior-preserving,ok,32,2,36,72,36,36,18,18,packing,0,0.11951191200000011,0.11953033799999702,17728,193088
generated-078,behavior-preserving,ok,32,2,38,76,39,37,19,19,packing,0,0.10878685399999988,0.10881314699999933,17728,214784
generated-079,behavior-preserving,ok,32,2,40,80,60,20,20,20,packing,0,0.13279076699999992,0.13280610500000023,17728,237600
generated-080,behavior-preserving,ok,32,2,42,84,42,42,21,21,packing,0,0.152563244,0.15263204200000047,17728,261536
generated-081,nonlaminar,ok,16,2,16,32,16,16,16,2,recurrence,23,0.019981997000000362,0.019992909999999142,17728,20292
generated-082,nonlaminar,ok,16,2,20,40,20,20,16,3,recurrence,28,0.02477728800000012,0.024778021000003037,17728,30962
generated-083,nonlaminar,ok,16,2,24,48,24,24,16,3,recurrence,36,0.035487509000000195,0.03550430800000015,17728,44257
generated-084,nonlaminar,ok,16,2,16,32,16,16,15,3,recurrence,20,0.027802613999999615,0.027803241000000867,17728,20197
generated-085,nonlaminar,ok,16,2,20,40,20,20,16,2,recurrence,23,0.0244621089999999,0.024463009999998064,17728,30948
generated-086,nonlaminar,ok,16,2,24,48,24,24,16,3,recurrence,39,0.031909039000000305,0.03191003999999964,17728,44180
generated-087,nonlaminar,ok,16,2,16,32,16,16,16,2,recurrence,14,0.01822571900000014,0.018226347999998893,17728,20107
generated-088,nonlaminar,ok,16,2,20,40,20,20,16,3,recurrence,24,0.02476944299999939,0.0247700449999968,17728,30972
generated-089,nonlaminar,ok,16,2,24,48,24,24,14,3,recurrence,31,0.033170323000000224,0.03317115400000148,17728,44127
generated-090,nonlaminar,ok,16,2,16,32,16,16,16,2,recurrence,16,0.01858988899999936,0.018590721000002475,17728,20135
generated-091,nonlaminar,ok,16,2,20,40,20,20,15,2,recurrence,21,0.025578986000000192,0.026055585999998243,17856,30930
generated-092,nonlaminar,ok,16,2,24,48,24,24,16,3,recurrence,24,0.031857253000000085,0.03188105600000313,17856,43962
generated-093,nonlaminar,ok,16,2,16,32,16,16,15,3,recurrence,14,0.018065339000000513,0.018088750000003984,17856,20088
generated-094,nonlaminar,ok,16,2,20,40,20,20,16,2,recurrence,35,0.025249739999999576,0.025296523000001514,17856,31224
generated-095,nonlaminar,ok,16,2,24,48,24,24,16,3,recurrence,28,0.031347010000000175,0.031348127000001114,17856,44023
generated-096,nonlaminar,ok,16,2,16,32,16,16,16,3,recurrence,16,0.01918757400000004,0.019188270999997314,17856,20093
generated-097,nonlaminar,ok,16,2,20,40,20,20,16,2,recurrence,25,0.024647034000000012,0.024647805999997274,17856,31047
generated-098,nonlaminar,ok,16,2,24,48,24,24,16,4,recurrence,24,0.03152685700000024,0.03155141799999939,17856,43929
generated-099,nonlaminar,ok,16,2,16,32,16,16,15,2,recurrence,10,0.018307021000000034,0.018308132000001365,17856,20068
generated-100,nonlaminar,ok,16,2,20,40,20,20,15,3,recurrence,33,0.025212730999999877,0.025213676999996437,17856,31070
generated-101,typed-extended,ok,8,2,6,32,24,8,8,4,recurrence,6,0.007004323999999507,0.007004831999999794,17856,2793
generated-102,typed-extended,ok,8,2,8,42,29,13,8,6,recurrence,7,0.008860707999999384,0.008861301999999682,17856,4768
generated-103,typed-extended,ok,8,2,10,52,29,23,8,5,packing,0,0.010924010000000095,0.010924899999999127,17984,7267
generated-104,typed-extended,ok,8,2,6,32,19,13,8,4,recurrence,6,0.006721425999999475,0.0067219419999986485,17984,2788
generated-105,typed-extended,ok,8,2,8,42,33,9,8,7,packing,0,0.008619248000000468,0.008620069000002673,17984,4770
generated-106,typed-extended,ok,8,2,10,52,26,26,8,5,recurrence,7,0.01042532900000026,0.010426075000005142,17984,7273
generated-107,typed-extended,ok,8,2,6,32,17,15,8,4,packing,0,0.006629635000000356,0.006630480000005434,17984,2780
generated-108,typed-extended,ok,8,2,8,42,29,13,8,5,packing,0,0.008606755000000632,0.008607546000000355,17984,4761
generated-109,typed-extended,ok,8,2,10,52,31,21,8,6,recurrence,7,0.010720780999999846,0.010721819999993443,17984,7277
generated-110,typed-extended,ok,8,2,6,32,25,7,8,5,packing,0,0.006826681999999806,0.006827398999995182,17984,2793
generated-111,typed-extended,ok,8,2,8,42,26,16,8,4,packing,0,0.008535902000000206,0.008537113999999235,17984,4770
generated-112,typed-extended,ok,8,2,10,52,22,30,8,3,packing,0,0.009905700000000017,0.00990643099999744,17984,7268
generated-113,typed-extended,ok,8,2,6,32,23,9,8,4,recurrence,6,0.007104911999999963,0.007105740999996613,17984,2799
generated-114,typed-extended,ok,8,2,8,42,36,6,8,6,packing,0,0.008739523000000027,0.008740374999995026,17984,4766
generated-115,typed-extended,ok,8,2,10,52,33,19,8,6,packing,0,0.010107495999999827,0.010108219000002805,17984,7278
generated-116,typed-extended,ok,8,2,6,32,26,6,8,5,recurrence,7,0.007003351999999907,0.007003990000001181,17984,2797
generated-117,typed-extended,ok,8,2,8,42,29,13,8,6,packing,0,0.009047186000000096,0.00904791199999977,17984,4773
generated-118,typed-extended,ok,8,2,10,52,24,28,8,4,recurrence,5,0.01015747900000008,0.01015818299999438,17984,7271
generated-119,typed-extended,ok,8,2,6,32,21,11,8,4,packing,0,0.006534698000000283,0.00653543199999973,17984,2787
generated-120,typed-extended,ok,8,2,8,42,24,18,8,4,recurrence,6,0.008813890999999963,0.008814544999999896,17984,4778
