key,type,title,authors,year,venue,doi,url,status,external_title,external_year,title_similarity,notes
xacml,misc,,,,,,,unverifiable,,,,
bertolino2014,inproceedings,,,,,,,unverifiable,,,,
hwang2012,inproceedings,,,,,,,unverifiable,,,,
xu2018,inproceedings,,,,,,,unverifiable,,,,
xu2020,inproceedings,,,,,,,unverifiable,,,,
xu2022,inproceedings,,,,,,,unverifiable,,,,
lonetti2018,article,,,,,,,unverifiable,,,,
caserio2022,article,,,,,,,unverifiable,,,,
hu2013,article,,,,,,,unverifiable,,,,
bringhenti2025,article,,,,,,,unverifiable,,,,
fisler2005,inproceedings,,,,,,,unverifiable,,,,
yoo2012,article,,,,,,,unverifiable,,,,
hopcroft1973,article,,,,,,,unverifiable,,,,
berge1957,article,,,,,,,unverifiable,,,,
chvatal1979,article,,,,,,,unverifiable,,,,
karp1972,incollection,,,,,,,unverifiable,,,,
